NASDAQ,GRRF,China Grentech Corporation Limited,GRRF - China Grentech Corporation Limited
NASDAQ,CGEI,China Growth Equity Investment Ltd,CGEI - China Growth Equity Investment Ltd
NASDAQ,CGEIU,China Growth Equity Investment Ltd,CGEIU - China Growth Equity Investment Ltd
NASDAQ,CGEIW,China Growth Equity Investment Ltd,CGEIW - China Growth Equity Investment Ltd
NASDAQ,HGSH,China HGS Real Estate Inc,HGSH - China HGS Real Estate Inc
NASDAQ,CHLN,China Housing and Land Development Inc,CHLN - China Housing and Land Development Inc
NASDAQ,CNIT,China Information Technology Inc,CNIT - China Information Technology Inc
NASDAQ,CJJD,China Jo-Jo Drugstores Inc,CJJD - China Jo-Jo Drugstores Inc
NASDAQ,HTHT,China Lodging Group Limited,HTHT - China Lodging Group Limited
NASDAQ,CHNR,China Natural Resources Inc,CHNR - China Natural Resources Inc
NASDAQ,NKBP,China Nuokang Bio-Pharmaceutical Inc,NKBP - China Nuokang Bio-Pharmaceutical Inc
NASDAQ,CPSL,China Precision Steel Inc,CPSL - China Precision Steel Inc
NASDAQ,CRIC,China Real Estate Information Corporation,CRIC - China Real Estate Information Corporation
NASDAQ,CREG,China Recycling Energy Corporation,CREG - China Recycling Energy Corporation
NASDAQ,CPGI,China Shengda Packaging Group Inc,CPGI - China Shengda Packaging Group Inc
NASDAQ,CSUN,China Sunergy Co Ltd,CSUN - China Sunergy Co Ltd
NASDAQ,CNTF,China TechFaith Wireless Communication Technology Limited,CNTF - China TechFaith Wireless Communication Technology Limited
NASDAQ,CTDC,China Technology Development Group Corporation,CTDC - China Technology Development Group Corporation
NASDAQ,CTFO,China TransInfo Technology Corp,CTFO - China TransInfo Technology Corp
NASDAQ,CVVT,China Valves Technology Inc,CVVT - China Valves Technology Inc
NASDAQ,CXDC,China XD Plastics Company Limited,CXDC - China XD Plastics Company Limited
NASDAQ,CNYD,China Yida Holding Co,CNYD - China Yida Holding Co
NASDAQ,CCIH,ChinaCache International Holdings Ltd,CCIH - ChinaCache International Holdings Ltd
NASDAQ,CAST,ChinaCast Education Corporation,CAST - ChinaCast Education Corporation
NASDAQ,CEDU,ChinaEdu Corporation,CEDU - ChinaEdu Corporation
NASDAQ,CNET,ChinaNet Online Holdings Inc,CNET - ChinaNet Online Holdings Inc
NASDAQ,CHDX,Chindex International Inc,CHDX - Chindex International Inc
NASDAQ,IMOS,ChipMOS TECHNOLOGIES (Bermuda) LTD,IMOS - ChipMOS TECHNOLOGIES (Bermuda) LTD
NASDAQ,CHSCP,CHS Inc,CHSCP - CHS Inc
NASDAQ,CHDN,Churchill Downs Incorporated,CHDN - Churchill Downs Incorporated
NASDAQ,CHYR,Chyron Corporation,CHYR - Chyron Corporation
NASDAQ,CIEN,CIENA Corporation,CIEN - CIENA Corporation
NASDAQ,DFR,CIFC Corp,DFR - CIFC Corp
NASDAQ,CIMT,Cimatron Limited,CIMT - Cimatron Limited
NASDAQ,CINF,Cincinnati Financial Corporation,CINF - Cincinnati Financial Corporation
NASDAQ,CIDM,Cinedigm Digital Cinema Corp,CIDM - Cinedigm Digital Cinema Corp
NASDAQ,CTAS,Cintas Corporation,CTAS - Cintas Corporation
NASDAQ,CRUS,Cirrus Logic Inc,CRUS - Cirrus Logic Inc
NASDAQ,CSCO,Cisco Systems Inc,CSCO - Cisco Systems Inc
NASDAQ,CTRN,Citi Trends Inc,CTRN - Citi Trends Inc
NASDAQ,CZNC,Citizens and Northern Corp,CZNC - Citizens and Northern Corp
NASDAQ,CZWI,Citizens Community Bancorp Inc,CZWI - Citizens Community Bancorp Inc
NASDAQ,CZFC,Citizens First Corporation,CZFC - Citizens First Corporation
NASDAQ,CIZN,Citizens Holding Company,CIZN - Citizens Holding Company
NASDAQ,CRBC,Citizens Republic Bancorp Inc,CRBC - Citizens Republic Bancorp Inc
NASDAQ,CSBC,Citizens South Banking Corporation,CSBC - Citizens South Banking Corporation
NASDAQ,CTXS,Citrix Systems Inc,CTXS - Citrix Systems Inc
NASDAQ,CHCO,City Holding Company,CHCO - City Holding Company
NASDAQ,CTEL,City Telecom (HK) Limited,CTEL - City Telecom (HK) Limited
NASDAQ,CWEI,Clayton Williams Energy Inc,CWEI - Clayton Williams Energy Inc
NASDAQ,CDTI,Clean Diesel Technologies Inc,CDTI - Clean Diesel Technologies Inc
NASDAQ,CLNE,Clean Energy Fuels Corp,CLNE - Clean Energy Fuels Corp
NASDAQ,CLNT,Cleantech Solutions International Inc,CLNT - Cleantech Solutions International Inc
NASDAQ,CLFD,Clearfield Inc,CLFD - Clearfield Inc
NASDAQ,CLRO,ClearOne Communications Inc,CLRO - ClearOne Communications Inc
NASDAQ,CLWR,Clearwire Corporation,CLWR - Clearwire Corporation
NASDAQ,CBLI,Cleveland BioLabs Inc,CBLI - Cleveland BioLabs Inc
NASDAQ,CKSW,ClickSoftware Technologies Ltd,CKSW - ClickSoftware Technologies Ltd
NASDAQ,CSBK,Clifton Savings Bancorp Inc,CSBK - Clifton Savings Bancorp Inc
NASDAQ,CLVS,Clovis Oncology Inc,CLVS - Clovis Oncology Inc
NASDAQ,CME,CME Group Inc,CME - CME Group Inc
NASDAQ,CMSB,CMS Bancorp Inc,CMSB - CMS Bancorp Inc
NASDAQ,CCNE,CNB Financial Corporation,CCNE - CNB Financial Corporation
NASDAQ,CISG,CNinsure Inc,CISG - CNinsure Inc
NASDAQ,COBZ,CoBiz Financial Inc,COBZ - CoBiz Financial Inc
NASDAQ,COBR,Cobra Electronics Corporation,COBR - Cobra Electronics Corporation
NASDAQ,COKE,Coca-Cola Bottling Co Consolidated,COKE - Coca-Cola Bottling Co Consolidated
NASDAQ,CDXS,Codexis Inc,CDXS - Codexis Inc
NASDAQ,CVLY,Codorus Valley Bancorp Inc,CVLY - Codorus Valley Bancorp Inc
NASDAQ,JVA,Coffee Holding Co Inc,JVA - Coffee Holding Co Inc
NASDAQ,CCOI,Cogent Communications Group Inc,CCOI - Cogent Communications Group Inc
NASDAQ,CGNX,Cognex Corporation,CGNX - Cognex Corporation
NASDAQ,CTSH,Cognizant Technology Solutions Corporation,CTSH - Cognizant Technology Solutions Corporation
NASDAQ,COGO,Cogo Group Inc,COGO - Cogo Group Inc
NASDAQ,COHR,Coherent Inc,COHR - Coherent Inc
NASDAQ,COHU,Cohu Inc,COHU - Cohu Inc
NASDAQ,CSTR,Coinstar Inc,CSTR - Coinstar Inc
NASDAQ,CWTR,Coldwater Creek Inc,CWTR - Coldwater Creek Inc
NASDAQ,CCIX,Coleman Cable Inc,CCIX - Coleman Cable Inc
NASDAQ,CLCT,Collectors Universe Inc,CLCT - Collectors Universe Inc
NASDAQ,COBK,Colonial Financial Services Inc,COBK - Colonial Financial Services Inc
NASDAQ,CBAN,Colony Bankcorp Inc,CBAN - Colony Bankcorp Inc
NASDAQ,COLB,Columbia Banking System Inc,COLB - Columbia Banking System Inc
NASDAQ,CBRX,Columbia Laboratories Inc,CBRX - Columbia Laboratories Inc
NASDAQ,COLM,Columbia Sportswear Company,COLM - Columbia Sportswear Company
NASDAQ,CMCO,Columbus McKinnon Corporation,CMCO - Columbus McKinnon Corporation
NASDAQ,CBMX,CombiMatrix Corporation,CBMX - CombiMatrix Corporation
NASDAQ,CBMXW,CombiMatrix Corporation,CBMXW - CombiMatrix Corporation
NASDAQ,CMCSA,Comcast Corporation,CMCSA - Comcast Corporation
NASDAQ,CMCSK,Comcast Corporation,CMCSK - Comcast Corporation
NASDAQ,CBSH,Commerce Bancshares Inc,CBSH - Commerce Bancshares Inc
NASDAQ,CMFB,COMMERCEFIRST BANCORP INC,CMFB - COMMERCEFIRST BANCORP INC
NASDAQ,CNAF,Commercial National Financial Corporation,CNAF - Commercial National Financial Corporation
NASDAQ,CVGI,Commercial Vehicle Group Inc,CVGI - Commercial Vehicle Group Inc
NASDAQ,CTCH,Commtouch Software Ltd,CTCH - Commtouch Software Ltd
NASDAQ,JCS,Communications Systems Inc,JCS - Communications Systems Inc
NASDAQ,CBIN,Community Bank Shares of Indiana Inc,CBIN - Community Bank Shares of Indiana Inc
NASDAQ,CFFC,Community Financial Corp,CFFC - Community Financial Corp
NASDAQ,CPBC,Community Partners Bancorp,CPBC - Community Partners Bancorp
NASDAQ,CTBI,Community Trust Bancorp Inc,CTBI - Community Trust Bancorp Inc
NASDAQ,CWBC,Community West Bancshares,CWBC - Community West Bancshares
NASDAQ,CVLT,CommVault Systems Inc,CVLT - CommVault Systems Inc
NASDAQ,GNOM,Complete Genomics Inc,GNOM - Complete Genomics Inc
NASDAQ,GSJK,Compressco Partners LP,GSJK - Compressco Partners LP
NASDAQ,CCRT,CompuCredit Holdings Corporation,CCRT - CompuCredit Holdings Corporation
NASDAQ,CGEN,Compugen Ltd,CGEN - Compugen Ltd
NASDAQ,CPSI,Computer Programs and Systems Inc,CPSI - Computer Programs and Systems Inc
NASDAQ,CTGX,Computer Task Group Incorporated,CTGX - Computer Task Group Incorporated
NASDAQ,CPWR,Compuware Corporation,CPWR - Compuware Corporation
NASDAQ,SCOR,comScore Inc,SCOR - comScore Inc
NASDAQ,CHCI,Comstock Homebuilding Companies Inc,CHCI - Comstock Homebuilding Companies Inc
NASDAQ,CMTL,Comtech Telecommunications Corp,CMTL - Comtech Telecommunications Corp
NASDAQ,COMV,Comverge Inc,COMV - Comverge Inc
NASDAQ,CMVT,Comverse Technology Inc,CMVT - Comverse Technology Inc
NASDAQ,CPTS,Conceptus Inc,CPTS - Conceptus Inc
NASDAQ,CNQR,Concur Technologies Inc,CNQR - Concur Technologies Inc
NASDAQ,CCUR,Concurrent Computer Corporation,CCUR - Concurrent Computer Corporation
NASDAQ,CNMD,CONMED Corporation,CNMD - CONMED Corporation
NASDAQ,CTWS,Connecticut Water Service Inc,CTWS - Connecticut Water Service Inc
NASDAQ,CONN,Connand#39;s Inc,CONN - Connand#39;s Inc
NASDAQ,CNSL,Consolidated Communications Holdings Inc,CNSL - Consolidated Communications Holdings Inc
NASDAQ,CWCO,Consolidated Water Co Ltd,CWCO - Consolidated Water Co Ltd
NASDAQ,CTCT,Constant Contact Inc,CTCT - Constant Contact Inc
NASDAQ,CPSS,Consumer Portfolio Services Inc,CPSS - Consumer Portfolio Services Inc
NASDAQ,CNVO,Convio Inc,CNVO - Convio Inc
NASDAQ,CPNO,Copano Energy LLC,CPNO - Copano Energy LLC
NASDAQ,CPRT,Copart Inc,CPRT - Copart Inc
NASDAQ,CORT,Corcept Therapeutics Incorporated,CORT - Corcept Therapeutics Incorporated
NASDAQ,CORE,Core-Mark Holding Company Inc,CORE - Core-Mark Holding Company Inc
NASDAQ,COCO,Corinthian Colleges Inc,COCO - Corinthian Colleges Inc
NASDAQ,CSOD,Cornerstone OnDemand Inc,CSOD - Cornerstone OnDemand Inc
NASDAQ,CRTX,Cornerstone Therapeutics Inc,CRTX - Cornerstone Therapeutics Inc
NASDAQ,CNDO,Coronado Biosciences Inc,CNDO - Coronado Biosciences Inc
NASDAQ,CRVL,CorVel Corp,CRVL - CorVel Corp
NASDAQ,COSI,Cosi Inc,COSI - Cosi Inc
NASDAQ,CPWM,Cost Plus Inc,CPWM - Cost Plus Inc
NASDAQ,CSGP,CoStar Group Inc,CSGP - CoStar Group Inc
NASDAQ,COST,Costco Wholesale Corporation,COST - Costco Wholesale Corporation
NASDAQ,CRRC,Courier Corporation,CRRC - Courier Corporation
NASDAQ,CVTI,Covenant Transportation Group Inc,CVTI - Covenant Transportation Group Inc
NASDAQ,COWN,Cowen Group Inc,COWN - Cowen Group Inc
NASDAQ,CRAI,CRA InternationalInc,CRAI - CRA InternationalInc
NASDAQ,CBRL,Cracker Barrel Old Country Store Inc,CBRL - Cracker Barrel Old Country Store Inc
NASDAQ,BREW,Craft Brew Alliance Inc,BREW - Craft Brew Alliance Inc
NASDAQ,CRAY,Cray Inc,CRAY - Cray Inc
NASDAQ,CACC,Credit Acceptance Corporation,CACC - Credit Acceptance Corporation
NASDAQ,CRED,Credo Petroleum Corporation,CRED - Credo Petroleum Corporation
NASDAQ,CREE,Cree Inc,CREE - Cree Inc
NASDAQ,CRFN,Crescent Financial Bancshares Inc,CRFN - Crescent Financial Bancshares Inc
NASDAQ,CRESW,Cresud SACIF y A,CRESW - Cresud SACIF y A
NASDAQ,CRESY,Cresud SACIF y A,CRESY - Cresud SACIF y A
NASDAQ,CXPO,Crimson Exploration Inc,CXPO - Crimson Exploration Inc
NASDAQ,CROX,Crocs Inc,CROX - Crocs Inc
NASDAQ,ATX,Cross (AT) Company,ATX - Cross (AT) Company
NASDAQ,CCRN,Cross Country Healthcare Inc,CCRN - Cross Country Healthcare Inc
NASDAQ,CRDS,Crossroads Systems Inc,CRDS - Crossroads Systems Inc
NASDAQ,XTXI,Crosstex Energy Inc,XTXI - Crosstex Energy Inc
NASDAQ,XTEX,Crosstex Energy LP,XTEX - Crosstex Energy LP
NASDAQ,CRWS,Crown Crafts Inc,CRWS - Crown Crafts Inc
NASDAQ,CRWN,Crown Media Holdings Inc,CRWN - Crown Media Holdings Inc
NASDAQ,CRMB,Crumbs Bake Shop Inc,CRMB - Crumbs Bake Shop Inc
NASDAQ,CRMBU,Crumbs Bake Shop Inc,CRMBU - Crumbs Bake Shop Inc
NASDAQ,CRMBW,Crumbs Bake Shop Inc,CRMBW - Crumbs Bake Shop Inc
NASDAQ,CRYP,CryptoLogic Limited,CRYP - CryptoLogic Limited
NASDAQ,CSGS,CSG Systems International Inc,CSGS - CSG Systems International Inc
NASDAQ,CSPI,CSP Inc,CSPI - CSP Inc
NASDAQ,CSRE,CSR plc,CSRE - CSR plc
NASDAQ,CTCM,CTC Media Inc,CTCM - CTC Media Inc
NASDAQ,CTIB,CTI Industries Corporation,CTIB - CTI Industries Corporation
NASDAQ,CTRP,Ctripcom International Ltd,CTRP - Ctripcom International Ltd
NASDAQ,CBST,Cubist Pharmaceuticals Inc,CBST - Cubist Pharmaceuticals Inc
NASDAQ,CUI,CUI Global Inc,CUI - CUI Global Inc
NASDAQ,CPIX,Cumberland Pharmaceuticals Inc,CPIX - Cumberland Pharmaceuticals Inc
NASDAQ,CMLS,Cumulus Media Inc,CMLS - Cumulus Media Inc
NASDAQ,CRIS,Curis Inc,CRIS - Curis Inc
NASDAQ,CUTR,Cutera Inc,CUTR - Cutera Inc
NASDAQ,CVBF,CVB Financial Corporation,CVBF - CVB Financial Corporation
NASDAQ,CVV,CVD Equipment Corporation,CVV - CVD Equipment Corporation
NASDAQ,CYAN,Cyanotech Corporation,CYAN - Cyanotech Corporation
NASDAQ,CYBX,Cyberonics Inc,CYBX - Cyberonics Inc
NASDAQ,CYBE,CyberOptics Corporation,CYBE - CyberOptics Corporation
NASDAQ,CYBI,Cybex International Inc,CYBI - Cybex International Inc
NASDAQ,CYCC,Cyclacel Pharmaceuticals Inc,CYCC - Cyclacel Pharmaceuticals Inc
NASDAQ,CYCCP,Cyclacel Pharmaceuticals Inc,CYCCP - Cyclacel Pharmaceuticals Inc
NASDAQ,CYMI,Cymer Inc,CYMI - Cymer Inc
NASDAQ,CYNO,Cynosure Inc,CYNO - Cynosure Inc
NASDAQ,CY,Cypress Semiconductor Corporation,CY - Cypress Semiconductor Corporation
NASDAQ,CYTK,Cytokinetics Incorporated,CYTK - Cytokinetics Incorporated
NASDAQ,CYTX,Cytori Therapeutics Inc,CYTX - Cytori Therapeutics Inc
NASDAQ,CYTXW,Cytori Therapeutics Inc,CYTXW - Cytori Therapeutics Inc
NASDAQ,CYTR,CytRx Corporation,CYTR - CytRx Corporation
NASDAQ,DMED,D Medical Industries Ltd,DMED - D Medical Industries Ltd
NASDAQ,DAEG,Daegis Inc,DAEG - Daegis Inc
NASDAQ,DJCO,Daily Journal Corp (SC),DJCO - Daily Journal Corp (SC)
NASDAQ,DAKT,Daktronics Inc,DAKT - Daktronics Inc
NASDAQ,DARA,DARA Biosciences Inc,DARA - DARA Biosciences Inc
NASDAQ,DAIO,Data I O Corporation,DAIO - Data I O Corporation
NASDAQ,DTLK,Datalink Corporation,DTLK - Datalink Corporation
NASDAQ,DRAM,Dataram Corporation,DRAM - Dataram Corporation
NASDAQ,DWCH,Datawatch Corporation,DWCH - Datawatch Corporation
NASDAQ,DWSN,Dawson Geophysical Company,DWSN - Dawson Geophysical Company
NASDAQ,DSTI,DayStar Technologies Inc,DSTI - DayStar Technologies Inc
NASDAQ,DDIC,DDi Corp,DDIC - DDi Corp
NASDAQ,TRAK,DealerTrack Holdings Inc,TRAK - DealerTrack Holdings Inc
NASDAQ,DECK,Deckers Outdoor Corporation,DECK - Deckers Outdoor Corporation
NASDAQ,DEER,Deer Consumer Products Inc,DEER - Deer Consumer Products Inc
NASDAQ,DHRM,Dehaier Medical Systems Limited,DHRM - Dehaier Medical Systems Limited
NASDAQ,DCTH,Delcath Systems Inc,DCTH - Delcath Systems Inc
NASDAQ,DLIA,dELIA*s Inc,DLIA - dELIA*s Inc
NASDAQ,DELL,Dell Inc,DELL - Dell Inc
NASDAQ,DGAS,Delta Natural Gas Company Inc,DGAS - Delta Natural Gas Company Inc
NASDAQ,PROJ,Deltek Inc,PROJ - Deltek Inc
NASDAQ,DNDN,Dendreon Corporation,DNDN - Dendreon Corporation
NASDAQ,DENN,Dennyand#39;s Corporation,DENN - Dennyand#39;s Corporation
NASDAQ,XRAY,DENTSPLY International Inc,XRAY - DENTSPLY International Inc
NASDAQ,DEPO,Depomed Inc,DEPO - Depomed Inc
NASDAQ,DSCI,Derma Sciences Inc,DSCI - Derma Sciences Inc
NASDAQ,DEST,Destination Maternity Corporation,DEST - Destination Maternity Corporation
NASDAQ,DSWL,Deswell Industries Inc,DSWL - Deswell Industries Inc
NASDAQ,DXCM,DexCom Inc,DXCM - DexCom Inc
NASDAQ,DLLR,DFC Global Corp,DLLR - DFC Global Corp
NASDAQ,DIAL,Dial Global Inc,DIAL - Dial Global Inc
NASDAQ,DLGC,Dialogic Inc,DLGC - Dialogic Inc
NASDAQ,DMND,Diamond Foods Inc,DMND - Diamond Foods Inc
NASDAQ,DHFT,Diamond Hill Financial Trends Fund Inc,DHFT - Diamond Hill Financial Trends Fund Inc
NASDAQ,DHIL,Diamond Hill Investment Group Inc,DHIL - Diamond Hill Investment Group Inc
NASDAQ,DCIX,Diana Containerships Inc,DCIX - Diana Containerships Inc
NASDAQ,DGII,Digi International Inc,DGII - Digi International Inc
NASDAQ,DMRC,Digimarc Corporation,DMRC - Digimarc Corporation
NASDAQ,DRAD,Digirad Corporation,DRAD - Digirad Corporation
NASDAQ,DGLY,Digital Ally Inc,DGLY - Digital Ally Inc
NASDAQ,DCIN,Digital Cinema Destinations Corp,DCIN - Digital Cinema Destinations Corp
NASDAQ,DGIT,Digital Generation Inc,DGIT - Digital Generation Inc
NASDAQ,DRIV,Digital River Inc,DRIV - Digital River Inc
NASDAQ,DCOM,Dime Community Bancshares Inc,DCOM - Dime Community Bancshares Inc
NASDAQ,DIOD,Diodes Incorporated,DIOD - Diodes Incorporated
NASDAQ,DTV,DIRECTV,DTV - DIRECTV
NASDAQ,DISCA,Discovery Communications Inc,DISCA - Discovery Communications Inc
NASDAQ,DISCB,Discovery Communications Inc,DISCB - Discovery Communications Inc
NASDAQ,DISCK,Discovery Communications Inc,DISCK - Discovery Communications Inc
NASDAQ,DSCO,Discovery Laboratories Inc,DSCO - Discovery Laboratories Inc
NASDAQ,DISH,DISH Network Corporation,DISH - DISH Network Corporation
NASDAQ,DITC,Ditech Networks Inc,DITC - Ditech Networks Inc
NASDAQ,DNBF,DNB Financial Corp,DNBF - DNB Financial Corp
NASDAQ,DLTR,Dollar Tree Inc,DLTR - Dollar Tree Inc
NASDAQ,DGICA,Donegal Group Inc,DGICA - Donegal Group Inc
NASDAQ,DGICB,Donegal Group Inc,DGICB - Donegal Group Inc
NASDAQ,DMLP,Dorchester Minerals LP,DMLP - Dorchester Minerals LP
NASDAQ,DORM,Dorman Products Inc,DORM - Dorman Products Inc
NASDAQ,HILL,Dot Hill Systems Corporation,HILL - Dot Hill Systems Corporation
NASDAQ,DBLE,Double Eagle Petroleum Company,DBLE - Double Eagle Petroleum Company
NASDAQ,DBLEP,Double Eagle Petroleum Company,DBLEP - Double Eagle Petroleum Company
NASDAQ,DOVR,Dover Saddlery Inc,DOVR - Dover Saddlery Inc
NASDAQ,DRWI,DragonWave Inc,DRWI - DragonWave Inc
NASDAQ,DWA,Dreamworks Animation SKG Inc,DWA - Dreamworks Animation SKG Inc
NASDAQ,DRYS,DryShips Inc,DRYS - DryShips Inc
NASDAQ,DSPG,DSP Group Inc,DSPG - DSP Group Inc
NASDAQ,DTSI,DTS Inc,DTSI - DTS Inc
NASDAQ,DUCK,Duckwall-Alco Stores Inc,DUCK - Duckwall-Alco Stores Inc
NASDAQ,DNKN,Dunkinand#39; Brands Group Inc,DNKN - Dunkinand#39; Brands Group Inc
NASDAQ,DRRX,Durect Corporation,DRRX - Durect Corporation
NASDAQ,DUSA,DUSA Pharmaceuticals Inc,DUSA - DUSA Pharmaceuticals Inc
NASDAQ,DXPE,DXP Enterprises Inc,DXPE - DXP Enterprises Inc
NASDAQ,DYAX,Dyax Corp,DYAX - Dyax Corp
NASDAQ,DYII,Dynacq Healthcare Inc,DYII - Dynacq Healthcare Inc
NASDAQ,BOOM,Dynamic Materials Corporation,BOOM - Dynamic Materials Corporation
NASDAQ,DRCO,Dynamics Research Corporation,DRCO - Dynamics Research Corporation
NASDAQ,DYSL,Dynasil Corporation of America,DYSL - Dynasil Corporation of America
NASDAQ,DYNT,Dynatronics Corporation,DYNT - Dynatronics Corporation
NASDAQ,DVAX,Dynavax Technologies Corporation,DVAX - Dynavax Technologies Corporation
NASDAQ,DVOX,DynaVox Inc,DVOX - DynaVox Inc
NASDAQ,ETFC,E*TRADE Financial Corporation,ETFC - E*TRADE Financial Corporation
NASDAQ,EBMT,Eagle Bancorp Montana Inc,EBMT - Eagle Bancorp Montana Inc
NASDAQ,EGBN,Eagle Bancorp Inc,EGBN - Eagle Bancorp Inc
NASDAQ,EGLE,Eagle Bulk Shipping Inc,EGLE - Eagle Bulk Shipping Inc
NASDAQ,EROC,Eagle Rock Energy Partners LP,EROC - Eagle Rock Energy Partners LP
NASDAQ,EROCW,Eagle Rock Energy Partners LP,EROCW - Eagle Rock Energy Partners LP
NASDAQ,ELNK,EarthLink Inc,ELNK - EarthLink Inc
NASDAQ,EWBC,East West Bancorp Inc,EWBC - East West Bancorp Inc
NASDAQ,EML,Eastern Company (The),EML - Eastern Company (The)
NASDAQ,EIHI,Eastern Insurance Holdings Inc,EIHI - Eastern Insurance Holdings Inc
NASDAQ,EVBS,Eastern Virginia Bankshares Inc,EVBS - Eastern Virginia Bankshares Inc
NASDAQ,ESIC,EasyLink Services International Corporation,ESIC - EasyLink Services International Corporation
NASDAQ,EBAY,eBay Inc,EBAY - eBay Inc
NASDAQ,EBIX,Ebix Inc,EBIX - Ebix Inc
NASDAQ,ELON,Echelon Corporation,ELON - Echelon Corporation
NASDAQ,ECHO,Echo Global Logistics Inc,ECHO - Echo Global Logistics Inc
NASDAQ,ECTE,Echo Therapeutics Inc,ECTE - Echo Therapeutics Inc
NASDAQ,SATS,EchoStar Corporation,SATS - EchoStar Corporation
NASDAQ,EEI,Ecology and Environment Inc,EEI - Ecology and Environment Inc
NASDAQ,ECTY,Ecotality Inc,ECTY - Ecotality Inc
NASDAQ,EDAC,Edac Technologies Corporation,EDAC - Edac Technologies Corporation
NASDAQ,EDAP,EDAP TMS SA,EDAP - EDAP TMS SA
NASDAQ,EF,Edelman Financial Group Inc (The),EF - Edelman Financial Group Inc (The)
NASDAQ,EDGR,EDGAR Online Inc,EDGR - EDGAR Online Inc
NASDAQ,EDGW,Edgewater Technology Inc,EDGW - Edgewater Technology Inc
NASDAQ,EDMC,Education Management Corporation,EDMC - Education Management Corporation
NASDAQ,EDUC,Educational Development Corporation,EDUC - Educational Development Corporation
NASDAQ,EFUT,eFuture Information Technology Inc,EFUT - eFuture Information Technology Inc
NASDAQ,EGAN,eGain Communications Corporation,EGAN - eGain Communications Corporation
NASDAQ,EHTH,eHealth Inc,EHTH - eHealth Inc
NASDAQ,BAGL,Einstein Noah Restaurant Group Inc,BAGL - Einstein Noah Restaurant Group Inc
NASDAQ,EMITF,Elbit Imaging Ltd,EMITF - Elbit Imaging Ltd
NASDAQ,ESLT,Elbit Systems Ltd,ESLT - Elbit Systems Ltd
NASDAQ,ESYS,Elecsys Corporation,ESYS - Elecsys Corporation
NASDAQ,ELRC,Electro Rent Corporation,ELRC - Electro Rent Corporation
NASDAQ,ESIO,Electro Scientific Industries Inc,ESIO - Electro Scientific Industries Inc
NASDAQ,EA,Electronic Arts Inc,EA - Electronic Arts Inc
NASDAQ,EFII,Electronics for Imaging Inc,EFII - Electronics for Imaging Inc
NASDAQ,ELSE,Electro-Sensors Inc,ELSE - Electro-Sensors Inc
NASDAQ,RDEN,Elizabeth Arden Inc,RDEN - Elizabeth Arden Inc
NASDAQ,LONG,eLong Inc,LONG - eLong Inc
NASDAQ,ELTK,Eltek Ltd,ELTK - Eltek Ltd
NASDAQ,EMCI,EMC Insurance Group Inc,EMCI - EMC Insurance Group Inc
NASDAQ,EMCF,Emclaire Financial Corp,EMCF - Emclaire Financial Corp
NASDAQ,EMKR,EMCORE Corporation,EMKR - EMCORE Corporation
NASDAQ,EMMS,Emmis Communications Corporation,EMMS - Emmis Communications Corporation
NASDAQ,EMMSP,Emmis Communications Corporation,EMMSP - Emmis Communications Corporation
NASDAQ,NYNY,Empire Resorts Inc,NYNY - Empire Resorts Inc
NASDAQ,EBTX,Encore Bancshares Inc,EBTX - Encore Bancshares Inc
NASDAQ,ECPG,Encore Capital Group Inc,ECPG - Encore Capital Group Inc
NASDAQ,WIRE,Encore Wire Corporation,WIRE - Encore Wire Corporation
NASDAQ,ENDP,Endo Pharmaceuticals Holdings Inc,ENDP - Endo Pharmaceuticals Holdings Inc
NASDAQ,ECYT,Endocyte Inc,ECYT - Endocyte Inc
NASDAQ,ELGX,Endologix  Inc,ELGX - Endologix  Inc
NASDAQ,ERII,Energy Recovery Inc,ERII - Energy Recovery Inc
NASDAQ,EXXI,Energy XXI (Bermuda) Limited,EXXI - Energy XXI (Bermuda) Limited
NASDAQ,NRKM,Enerkem Inc,NRKM - Enerkem Inc
NASDAQ,ENOC,EnerNOC Inc,ENOC - EnerNOC Inc
NASDAQ,ENG,ENGlobal Corporation,ENG - ENGlobal Corporation
NASDAQ,ENPH,Enphase Energy Inc,ENPH - Enphase Energy Inc
NASDAQ,ESGR,Enstar Group Limited,ESGR - Enstar Group Limited
NASDAQ,ENTG,Entegris Inc,ENTG - Entegris Inc
NASDAQ,ETRM,EnteroMedics Inc,ETRM - EnteroMedics Inc
NASDAQ,EBTC,Enterprise Bancorp Inc,EBTC - Enterprise Bancorp Inc
NASDAQ,EFSC,Enterprise Financial Services Corporation,EFSC - Enterprise Financial Services Corporation
NASDAQ,ENMD,EntreMed Inc,ENMD - EntreMed Inc
NASDAQ,ENTR,Entropic Communications Inc,ENTR - Entropic Communications Inc
NASDAQ,ENZN,Enzon Pharmaceuticals Inc,ENZN - Enzon Pharmaceuticals Inc
NASDAQ,EONC,eOn Communications Corporation,EONC - eOn Communications Corporation
NASDAQ,EPIQ,EPIQ Systems Inc,EPIQ - EPIQ Systems Inc
NASDAQ,PLUS,Eplus Inc,PLUS - Eplus Inc
NASDAQ,EPHC,Epoch Holding Corporation,EPHC - Epoch Holding Corporation
NASDAQ,EPOC,Epocrates Inc,EPOC - Epocrates Inc
NASDAQ,EQIX,Equinix Inc,EQIX - Equinix Inc
NASDAQ,ERT,eResearch Technology Inc,ERT - eResearch Technology Inc
NASDAQ,EAC           ,Erickson Air-Crane Incorporated,EAC            - Erickson Air-Crane Incorporated
NASDAQ,ERIC,Ericsson,ERIC - Ericsson
NASDAQ,ERIE,Erie Indemnity Company,ERIE - Erie Indemnity Company
NASDAQ,ESBF,ESB Financial Corporation,ESBF - ESB Financial Corporation
NASDAQ,ESCA,Escalade Incorporated,ESCA - Escalade Incorporated
NASDAQ,ESMC,Escalon Medical Corp,ESMC - Escalon Medical Corp
NASDAQ,ESSA,ESSA Bancorp Inc,ESSA - ESSA Bancorp Inc
NASDAQ,ESSX,Essex Rental Corporation,ESSX - Essex Rental Corporation
NASDAQ,CLWT,Euro Tech Holdings Company Limited,CLWT - Euro Tech Holdings Company Limited
NASDAQ,EEFT,Euronet Worldwide Inc,EEFT - Euronet Worldwide Inc
NASDAQ,ESEA,Euroseas Ltd,ESEA - Euroseas Ltd
NASDAQ,EVEP,EV Energy Partners LP,EVEP - EV Energy Partners LP
NASDAQ,EVOL,Evolving Systems Inc,EVOL - Evolving Systems Inc
NASDAQ,EXAS,EXACT Sciences Corporation,EXAS - EXACT Sciences Corporation
NASDAQ,EXAC,Exactech Inc,EXAC - Exactech Inc
NASDAQ,EXAR,Exar Corporation,EXAR - Exar Corporation
NASDAQ,EDS,Exceed Company Ltd,EDS - Exceed Company Ltd
NASDAQ,EXEL,Exelixis Inc,EXEL - Exelixis Inc
NASDAQ,EXFO,EXFO Inc,EXFO - EXFO Inc
NASDAQ,XIDE,Exide Technologies,XIDE - Exide Technologies
NASDAQ,EXLS,ExlService Holdings Inc,EXLS - ExlService Holdings Inc
NASDAQ,EXPE,Expedia Inc,EXPE - Expedia Inc
NASDAQ,EXPD,Expeditors International of Washington Inc,EXPD - Expeditors International of Washington Inc
NASDAQ,EXPO,Exponent Inc,EXPO - Exponent Inc
NASDAQ,ESRX,Express Scripts Holding Company,ESRX - Express Scripts Holding Company
NASDAQ,EXLP,Exterran Partners LP,EXLP - Exterran Partners LP
NASDAQ,EXTR,Extreme Networks Inc,EXTR - Extreme Networks Inc
NASDAQ,EZCH,EZchip Semiconductor Limited,EZCH - EZchip Semiconductor Limited
NASDAQ,EZPW,EZCORP Inc,EZPW - EZCORP Inc
NASDAQ,FFIV,F5 Networks Inc,FFIV - F5 Networks Inc
NASDAQ,FRP,FairPoint Communications Inc,FRP - FairPoint Communications Inc
NASDAQ,FALC,FalconStor Software Inc,FALC - FalconStor Software Inc
NASDAQ,DAVE,Famous Daveand#39;s of America Inc,DAVE - Famous Daveand#39;s of America Inc
NASDAQ,FARM,Farmer Brothers Company,FARM - Farmer Brothers Company
NASDAQ,FFKT,Farmers Capital Bank Corporation,FFKT - Farmers Capital Bank Corporation
NASDAQ,FMNB,Farmers National Banc Corp,FMNB - Farmers National Banc Corp
NASDAQ,FARO,FARO Technologies Inc,FARO - FARO Technologies Inc
NASDAQ,FAST,Fastenal Company,FAST - Fastenal Company
NASDAQ,FBSS,Fauquier Bankshares Inc,FBSS - Fauquier Bankshares Inc
NASDAQ,FBRC,FBR and Co,FBRC - FBR and Co
NASDAQ,FDML,Federal-Mogul Corporation,FDML - Federal-Mogul Corporation
NASDAQ,FFCO,FedFirst Financial Corporation,FFCO - FedFirst Financial Corporation
NASDAQ,FEIC,FEI Company,FEIC - FEI Company
NASDAQ,FHCO,Female Health Company (The),FHCO - Female Health Company (The)
NASDAQ,FFDF,FFD Financial Corporation,FFDF - FFD Financial Corporation
NASDAQ,FSBI,Fidelity Bancorp Inc,FSBI - Fidelity Bancorp Inc
NASDAQ,ONEQ,Fidelity Nasdaq Composite Index Tracking Stock,ONEQ - Fidelity Nasdaq Composite Index Tracking Stock
NASDAQ,LION,Fidelity Southern Corporation,LION - Fidelity Southern Corporation
NASDAQ,FDUS,Fidus Investment Corporation,FDUS - Fidus Investment Corporation
NASDAQ,FSC,Fifth Street Finance Corp,FSC - Fifth Street Finance Corp
NASDAQ,FITB,Fifth Third Bancorp,FITB - Fifth Third Bancorp
NASDAQ,FITBP,Fifth Third Bancorp,FITBP - Fifth Third Bancorp
NASDAQ,FNGN,Financial Engines Inc,FNGN - Financial Engines Inc
NASDAQ,FISI,Financial Institutions Inc,FISI - Financial Institutions Inc
NASDAQ,FNSR,Finisar Corporation,FNSR - Finisar Corporation
NASDAQ,FABK,First Advantage Bancorp,FABK - First Advantage Bancorp
NASDAQ,FBNC,First Bancorp,FBNC - First Bancorp
NASDAQ,FNLC,First Bancorp Inc (ME),FNLC - First Bancorp Inc (ME)
NASDAQ,FBSI,First Bancshares Inc,FBSI - First Bancshares Inc
NASDAQ,BUSE,First Busey Corporation,BUSE - First Busey Corporation
NASDAQ,FBIZ,First Business Financial Services Inc,FBIZ - First Business Financial Services Inc
NASDAQ,FCAL,First California Financial Group Inc,FCAL - First California Financial Group Inc
NASDAQ,FCVA,First Capital Bancorp Inc (VA),FCVA - First Capital Bancorp Inc (VA)
NASDAQ,FCAP,First Capital Inc,FCAP - First Capital Inc
NASDAQ,FCFS,First Cash Financial Services Inc,FCFS - First Cash Financial Services Inc
NASDAQ,FCZA,First Citizens Banc Corp,FCZA - First Citizens Banc Corp
NASDAQ,FCNCA,First Citizens BancShares Inc,FCNCA - First Citizens BancShares Inc
NASDAQ,FCLF,First Clover Leaf Financial Corp,FCLF - First Clover Leaf Financial Corp
NASDAQ,FCBC,First Community Bancshares Inc,FCBC - First Community Bancshares Inc
NASDAQ,FCCO,First Community Corporation,FCCO - First Community Corporation
NASDAQ,FBNK,First Connecticut Bancorp Inc,FBNK - First Connecticut Bancorp Inc
NASDAQ,FDEF,First Defiance Financial Corp,FDEF - First Defiance Financial Corp
NASDAQ,FFBH,First Federal Bancshares of Arkansas Inc,FFBH - First Federal Bancshares of Arkansas Inc
NASDAQ,FFNM,First Federal of Northern Michigan Bancorp Inc,FFNM - First Federal of Northern Michigan Bancorp Inc
NASDAQ,FFBC,First Financial Bancorp,FFBC - First Financial Bancorp
NASDAQ,FFBCW,First Financial Bancorp,FFBCW - First Financial Bancorp
NASDAQ,FFIN,First Financial Bankshares Inc,FFIN - First Financial Bankshares Inc
NASDAQ,THFF,First Financial Corporation Indiana,THFF - First Financial Corporation Indiana
NASDAQ,FFCH,First Financial Holdings Inc,FFCH - First Financial Holdings Inc
NASDAQ,FFNW,First Financial Northwest Inc,FFNW - First Financial Northwest Inc
NASDAQ,FFKY,First Financial Service Corporation,FFKY - First Financial Service Corporation
NASDAQ,FIBK,First Interstate BancSystem Inc,FIBK - First Interstate BancSystem Inc
NASDAQ,FMFC,First M and F Corporation,FMFC - First M and F Corporation
NASDAQ,FRME,First Merchants Corporation,FRME - First Merchants Corporation
NASDAQ,FMBI,First Midwest Bancorp Inc,FMBI - First Midwest Bancorp Inc
NASDAQ,FNFG,First Niagara Financial Group Inc,FNFG - First Niagara Financial Group Inc
NASDAQ,BANC,First PacTrust Bancorp Inc,BANC - First PacTrust Bancorp Inc
NASDAQ,FRCCO,First Republic Preferred Capital Corporation,FRCCO - First Republic Preferred Capital Corporation
NASDAQ,FSFG,First Savings Financial Group Inc,FSFG - First Savings Financial Group Inc
NASDAQ,FSGI,First Security Group Inc,FSGI - First Security Group Inc
NASDAQ,FSLR,First Solar Inc,FSLR - First Solar Inc
NASDAQ,FSBK,First South Bancorp Inc,FSBK - First South Bancorp Inc
NASDAQ,BICK,First Trust Exchange-Traded Fund II First Trust BICK Index Fun,BICK - First Trust Exchange-Traded Fund II First Trust BICK Index Fun
NASDAQ,SKYY,First Trust Exchange-Traded Fund II First Trust ISE Cloud Comp,SKYY - First Trust Exchange-Traded Fund II First Trust ISE Cloud Comp
NASDAQ,CU,First Trust Exchange-Traded Fund II First Trust ISE Global Cop,CU - First Trust Exchange-Traded Fund II First Trust ISE Global Cop
NASDAQ,PLTM,First Trust Exchange-Traded Fund II First Trust ISE Global Pla,PLTM - First Trust Exchange-Traded Fund II First Trust ISE Global Pla
NASDAQ,CARZ,First Trust Exchange-Traded Fund II First Trust NASDAQ Global ,CARZ - First Trust Exchange-Traded Fund II First Trust NASDAQ Global 
NASDAQ,QABA,First Trust NASDAQ ABA Community Bank Index Fund,QABA - First Trust NASDAQ ABA Community Bank Index Fund
NASDAQ,FONE,First Trust NASDAQ CEA Smartphone Index Fund,FONE - First Trust NASDAQ CEA Smartphone Index Fund
NASDAQ,GRID,First Trust NASDAQ Clean Edge Smart Grid Infrastructure Index ,GRID - First Trust NASDAQ Clean Edge Smart Grid Infrastructure Index 
NASDAQ,QCLN,First Trust NASDAQ Clean Edge US Liquid Series Index Fund,QCLN - First Trust NASDAQ Clean Edge US Liquid Series Index Fund
NASDAQ,QQEW,First Trust NASDAQ-100 Equal Weighted Index Fund,QQEW - First Trust NASDAQ-100 Equal Weighted Index Fund
NASDAQ,QQXT,First Trust NASDAQ-100 Ex-Technology Sector Index Fund,QQXT - First Trust NASDAQ-100 Ex-Technology Sector Index Fund
NASDAQ,QTEC,First Trust NASDAQ-100-Technology Sector Index Fund,QTEC - First Trust NASDAQ-100-Technology Sector Index Fund
NASDAQ,FUNC,First United Corporation,FUNC - First United Corporation
NASDAQ,FBMI,Firstbank Corporation,FBMI - Firstbank Corporation
NASDAQ,FCFC,FirstCity Financial Corporation,FCFC - FirstCity Financial Corporation
NASDAQ,SVVC,Firsthand Technology Value Fund Inc,SVVC - Firsthand Technology Value Fund Inc
NASDAQ,FMER,FirstMerit Corporation,FMER - FirstMerit Corporation
NASDAQ,FSRV,FirstService Corporation,FSRV - FirstService Corporation
NASDAQ,FISV,Fiserv Inc,FISV - Fiserv Inc
NASDAQ,FSCI,Fisher Communications Inc,FSCI - Fisher Communications Inc
NASDAQ,FLML,Flamel Technologies SA,FLML - Flamel Technologies SA
NASDAQ,FLXS,Flexsteel Industries Inc,FLXS - Flexsteel Industries Inc
NASDAQ,FLEX,Flextronics International Ltd,FLEX - Flextronics International Ltd
NASDAQ,FLIR,FLIR Systems Inc,FLIR - FLIR Systems Inc
NASDAQ,FLOW,Flow International Corporation,FLOW - Flow International Corporation
NASDAQ,FLDM,Fluidigm Corporation,FLDM - Fluidigm Corporation
NASDAQ,FFIC,Flushing Financial Corporation,FFIC - Flushing Financial Corporation
NASDAQ,FNBN,FNB United Corp,FNBN - FNB United Corp
NASDAQ,FMCN,Focus Media Holding Limited,FMCN - Focus Media Holding Limited
NASDAQ,FONR,Fonar Corporation,FONR - Fonar Corporation
NASDAQ,VIFL,Food Technology Service Inc,VIFL - Food Technology Service Inc
NASDAQ,FES,Forbes Energy Services Ltd,FES - Forbes Energy Services Ltd
NASDAQ,FORM,FormFactor Inc,FORM - FormFactor Inc
NASDAQ,FORTY,Formula Systems (1985) Ltd,FORTY - Formula Systems (1985) Ltd
NASDAQ,FORR,Forrester Research Inc,FORR - Forrester Research Inc
NASDAQ,FTNT,Fortinet Inc,FTNT - Fortinet Inc
NASDAQ,FWRD,Forward Air Corporation,FWRD - Forward Air Corporation
NASDAQ,FORD,Forward Industries Inc,FORD - Forward Industries Inc
NASDAQ,FOSL,Fossil Inc,FOSL - Fossil Inc
NASDAQ,FWLT,Foster Wheeler AG,FWLT - Foster Wheeler AG
NASDAQ,FXCB,Fox Chase Bancorp Inc,FXCB - Fox Chase Bancorp Inc
NASDAQ,FRAN,Francescaand#39;s Holdings Corporation,FRAN - Francescaand#39;s Holdings Corporation
NASDAQ,FELE,Franklin Electric Co Inc,FELE - Franklin Electric Co Inc
NASDAQ,FRNK,Franklin Financial Corporation,FRNK - Franklin Financial Corporation
NASDAQ,FRED,Fredand#39;s Inc,FRED - Fredand#39;s Inc
NASDAQ,FREE,FreeSeas Inc,FREE - FreeSeas Inc
NASDAQ,RAIL,Freightcar America Inc,RAIL - Freightcar America Inc
NASDAQ,FEIM,Frequency Electronics Inc,FEIM - Frequency Electronics Inc
NASDAQ,FFN,FriendFinder Networks Inc,FFN - FriendFinder Networks Inc
NASDAQ,FTR,Frontier Communications Company,FTR - Frontier Communications Company
NASDAQ,FFEX,Frozen Food Express Industries Inc,FFEX - Frozen Food Express Industries Inc
NASDAQ,FSII,FSI International Inc,FSII - FSI International Inc
NASDAQ,FSYS,Fuel Systems Solutions Inc,FSYS - Fuel Systems Solutions Inc
NASDAQ,FTEK,Fuel Tech Inc,FTEK - Fuel Tech Inc
NASDAQ,FCEL,FuelCell Energy Inc,FCEL - FuelCell Energy Inc
NASDAQ,FULL,Full Circle Capital Corporation,FULL - Full Circle Capital Corporation
NASDAQ,FULT,Fulton Financial Corporation,FULT - Fulton Financial Corporation
NASDAQ,FURX,Furiex Pharmaceuticals Inc,FURX - Furiex Pharmaceuticals Inc
NASDAQ,FSIN,Fushi Copperweld Inc,FSIN - Fushi Copperweld Inc
NASDAQ,FFHL,Fuwei Films (Holdings) Co Ltd,FFHL - Fuwei Films (Holdings) Co Ltd
NASDAQ,FXEN,FX Energy Inc,FXEN - FX Energy Inc
NASDAQ,GKSR,GandK Services Inc,GKSR - GandK Services Inc